bundle_path	graph_ien	http_code	load1_ien	dfn	response_file
/home/glilly/work/vista-stack/HL7-FHIR-quality-testing/2026/patients/raw/synthea-1000-20260901-20260101/fhir/Adam631_Schmeler639_27429a40-df43-8f21-49d0-1240c11b0aa3.json	492	201	1355	101094	2026/cohorts/CMS165v14/numer/load1-response-1.json
/home/glilly/work/vista-stack/HL7-FHIR-quality-testing/2026/patients/raw/synthea-1000-20260901-20260101/fhir/Ailene520_Haag279_62d14026-d481-e02e-d29b-53251109247f.json	505	201	1356	101095	2026/cohorts/CMS165v14/numer/load1-response-2.json
/home/glilly/work/vista-stack/HL7-FHIR-quality-testing/2026/patients/raw/synthea-1000-20260901-20260101/fhir/Alline927_Cecil300_Baumbach677_2fc7f987-2521-4576-75be-d4c81b9666ac.json	524	201	1357	101096	2026/cohorts/CMS165v14/numer/load1-response-3.json
/home/glilly/work/vista-stack/HL7-FHIR-quality-testing/2026/patients/raw/synthea-1000-20260901-20260101/fhir/Alverta45_Waters156_812da67a-03c9-80f5-bb45-d4f58236f2a6.json	529	201	1358	101097	2026/cohorts/CMS165v14/numer/load1-response-4.json
/home/glilly/work/vista-stack/HL7-FHIR-quality-testing/2026/patients/raw/synthea-1000-20260901-20260101/fhir/Alvin56_Schmidt332_e539a03b-2fc7-c232-e6b6-e3ae47177d79.json	530	201	1359	101098	2026/cohorts/CMS165v14/numer/load1-response-5.json
/home/glilly/work/vista-stack/HL7-FHIR-quality-testing/2026/patients/raw/synthea-1000-20260901-20260101/fhir/Andrea7_Kuhlman484_2cb21845-8a2d-8918-4a22-0477f0fae710.json	558	201	1360	101099	2026/cohorts/CMS165v14/numer/load1-response-6.json
/home/glilly/work/vista-stack/HL7-FHIR-quality-testing/2026/patients/raw/synthea-1000-20260901-20260101/fhir/Arron144_O'Reilly797_4987faff-1f77-ce0d-7225-83afe1627e63.json	567	201	1361	101100	2026/cohorts/CMS165v14/numer/load1-response-7.json
/home/glilly/work/vista-stack/HL7-FHIR-quality-testing/2026/patients/raw/synthea-1000-20260901-20260101/fhir/Annelle169_Schroeder447_79f87991-363b-b98a-cb33-d7a9235a9b8f.json	566	201	1362	101101	2026/cohorts/CMS165v14/numer/load1-response-8.json
/home/glilly/work/vista-stack/HL7-FHIR-quality-testing/2026/patients/raw/synthea-1000-20260901-20260101/fhir/Ashton21_Sumiko254_Doyle959_9da46e0a-fc90-9ed3-db56-883919263f60.json	574	201	1363	101102	2026/cohorts/CMS165v14/numer/load1-response-9.json
/home/glilly/work/vista-stack/HL7-FHIR-quality-testing/2026/patients/raw/synthea-1000-20260901-20260101/fhir/Aurelia213_Mireya881_Mohr916_3f7d08b7-5fb9-2737-b232-08a731f5f415.json	576	201	1364	101103	2026/cohorts/CMS165v14/numer/load1-response-10.json
/home/glilly/work/vista-stack/HL7-FHIR-quality-testing/2026/patients/raw/synthea-1000-20260901-20260101/fhir/Beata187_Giselle809_Considine820_d6c7b975-e090-92f1-0b87-2a94b5dc4093.json	577	201	1365	101104	2026/cohorts/CMS165v14/numer/load1-response-11.json
/home/glilly/work/vista-stack/HL7-FHIR-quality-testing/2026/patients/raw/synthea-1000-20260901-20260101/fhir/Benita195_Norman647_Witting912_d5835c7f-ae9c-5afe-5374-4ae18a1810d6.json	582	201	1366	101105	2026/cohorts/CMS165v14/numer/load1-response-12.json
/home/glilly/work/vista-stack/HL7-FHIR-quality-testing/2026/patients/raw/synthea-1000-20260901-20260101/fhir/Britta584_Brian582_Marquardt819_b67caea9-0836-8a09-737d-ff2d4ae3b7a2.json	607	201	1367	101106	2026/cohorts/CMS165v14/numer/load1-response-13.json
/home/glilly/work/vista-stack/HL7-FHIR-quality-testing/2026/patients/raw/synthea-1000-20260901-20260101/fhir/Branden904_Tromp100_cbfe15cf-f133-7828-a310-7332d9fe1b60.json	608	201	1368	101107	2026/cohorts/CMS165v14/numer/load1-response-14.json
/home/glilly/work/vista-stack/HL7-FHIR-quality-testing/2026/patients/raw/synthea-1000-20260901-20260101/fhir/Carla633_Reynolds644_43dc74f8-7efb-ee00-9ded-f67421bb94fb.json	624	201	1369	101108	2026/cohorts/CMS165v14/numer/load1-response-15.json
/home/glilly/work/vista-stack/HL7-FHIR-quality-testing/2026/patients/raw/synthea-1000-20260901-20260101/fhir/Carson894_Stoltenberg489_968cf124-1e45-75f9-41a6-53c4085fdaa0.json	644	201	1370	101109	2026/cohorts/CMS165v14/numer/load1-response-16.json
/home/glilly/work/vista-stack/HL7-FHIR-quality-testing/2026/patients/raw/synthea-1000-20260901-20260101/fhir/Claribel706_Schultz619_cfd0564b-16ca-f50a-ae2b-5fa05ad98f78.json	680	201	1371	101110	2026/cohorts/CMS165v14/numer/load1-response-17.json
/home/glilly/work/vista-stack/HL7-FHIR-quality-testing/2026/patients/raw/synthea-1000-20260901-20260101/fhir/Colton403_Gusikowski974_1e20ccd9-8dc4-1d17-a522-b9be5ede73be.json	686	201	1372	101111	2026/cohorts/CMS165v14/numer/load1-response-18.json
