bundle_path	http_code	ien	dfn	response_file
/home/glilly/work/vista-stack/HL7-FHIR-quality-testing/2026/patients/enriched/CMS2v15/Aaron697_Rempel203_71b66807-e4eb-984b-eb6f-9a5076c6a420.enriched.json	000			2026/patients/ingest-responses-overnight-load1/ingest-response-1.json
/home/glilly/work/vista-stack/HL7-FHIR-quality-testing/2026/patients/enriched/CMS138v14/Abdul218_Dickinson688_42001217-993a-8fbf-4723-d1eac0b295d7.enriched.json	000			2026/patients/ingest-responses-overnight-load1/ingest-response-2.json
/home/glilly/work/vista-stack/HL7-FHIR-quality-testing/2026/patients/enriched/CMS122v14/Abdul218_Dickinson688_42001217-993a-8fbf-4723-d1eac0b295d7.enriched.json	201	1390	101114	2026/patients/ingest-responses-overnight-load1/ingest-response-3.json
/home/glilly/work/vista-stack/HL7-FHIR-quality-testing/2026/patients/enriched/CMS130v14/Adolfo777_Conroy74_0bee0f5a-558a-345c-74c9-aedf42b17610.enriched.json	201	1391	101115	2026/patients/ingest-responses-overnight-load1/ingest-response-4.json
/home/glilly/work/vista-stack/HL7-FHIR-quality-testing/2026/patients/enriched/CMS125v14/Alane21_Shenita872_Tromp100_b4c69ebf-5758-ae2b-a255-da04364d7f6d.enriched.json	201	1392	101116	2026/patients/ingest-responses-overnight-load1/ingest-response-5.json
/home/glilly/work/vista-stack/HL7-FHIR-quality-testing/2026/patients/enriched/CMS68v15/Abdul218_Dickinson688_42001217-993a-8fbf-4723-d1eac0b295d7.enriched.json	201	1393	101117	2026/patients/ingest-responses-overnight-load1/ingest-response-6.json
/home/glilly/work/vista-stack/HL7-FHIR-quality-testing/2026/patients/enriched/CMS22v14/Abdul218_Dickinson688_42001217-993a-8fbf-4723-d1eac0b295d7.enriched.json	201	1394	101118	2026/patients/ingest-responses-overnight-load1/ingest-response-7.json
/home/glilly/work/vista-stack/HL7-FHIR-quality-testing/2026/patients/enriched/CMS131v14/Alex454_Mante251_8edaa097-5350-b4fb-fc03-0228d0b08ed8.enriched.json	201	1395	101119	2026/patients/ingest-responses-overnight-load1/ingest-response-8.json
/home/glilly/work/vista-stack/HL7-FHIR-quality-testing/2026/patients/enriched/CMS138v14/Abdul218_Dickinson688_42001217-993a-8fbf-4723-d1eac0b295d7.enriched.json	201	1397	101120	2026/patients/ingest-responses-overnight-load1-retry/ingest-response-1.json
/home/glilly/work/vista-stack/HL7-FHIR-quality-testing/2026/patients/enriched/CMS2v15/Aaron697_Rempel203_71b66807-e4eb-984b-eb6f-9a5076c6a420.enriched.json	201	1398	101121	2026/patients/ingest-responses-overnight-load1-retry/ingest-response-2.json
